Animal , Label
caballo (1).jpg , 0
caballo (2).jpg , 0
caballo (3).jpg , 0
caballo (4).jpg , 0
caballo (5).jpg , 0
caballo (6).jpg , 0
caballo (7).jpg , 0
caballo (8).jpg , 0
caballo (9).jpg , 0
caballo (10).jpg , 0
caballo (11).jpg , 0
caballo (12).jpg , 0
caballo (13).jpg , 0
caballo (14).jpg , 0
caballo (15).jpg , 0
caballo (16).jpg , 0
caballo (17).jpg , 0
caballo (18).jpg , 0
caballo (19).jpg , 0
caballo (20).jpg , 0
caballo (21).jpg , 0
caballo (22).jpg , 0
caballo (23).jpg , 0
caballo (24).jpg , 0
caballo (25).jpg , 0
caballo (26).jpg , 0
caballo (27).jpg , 0
caballo (28).jpg , 0
caballo (29).jpg , 0
caballo (30).jpg , 0
caballo (31).jpg , 0
caballo (32).jpg , 0
caballo (33).jpg , 0
caballo (34).jpg , 0
caballo (35).jpg , 0
caballo (36).jpg , 0
caballo (37).jpg , 0
caballo (38).jpg , 0
caballo (39).jpg , 0
caballo (40).jpg , 0
caballo (41).jpg , 0
caballo (42).jpg , 0
caballo (43).jpg , 0
caballo (44).jpg , 0
caballo (45).jpg , 0
caballo (46).jpg , 0
caballo (47).jpg , 0
caballo (48).jpg , 0
caballo (49).jpg , 0
caballo (50).jpg , 0
caballo (51).jpg , 0
caballo (52).jpg , 0
caballo (53).jpg , 0
caballo (54).jpg , 0
caballo (55).jpg , 0
caballo (56).jpg , 0
caballo (57).jpg , 0
caballo (58).jpg , 0
caballo (59).jpg , 0
caballo (60).jpg , 0
caballo (61).jpg , 0
caballo (62).jpg , 0
caballo (63).jpg , 0
caballo (64).jpg , 0
caballo (65).jpg , 0
caballo (66).jpg , 0
caballo (67).jpg , 0
caballo (68).jpg , 0
caballo (69).jpg , 0
caballo (70).jpg , 0
caballo (71).jpg , 0
caballo (72).jpg , 0
caballo (73).jpg , 0
caballo (74).jpg , 0
caballo (75).jpg , 0
caballo (76).jpg , 0
caballo (77).jpg , 0
caballo (78).jpg , 0
caballo (79).jpg , 0
caballo (80).jpg , 0
caballo (81).jpg , 0
caballo (82).jpg , 0
caballo (83).jpg , 0
caballo (84).jpg , 0
caballo (85).jpg , 0
caballo (86).jpg , 0
caballo (87).jpg , 0
caballo (88).jpg , 0
caballo (89).jpg , 0
caballo (90).jpg , 0
caballo (91).jpg , 0
caballo (92).jpg , 0
caballo (93).jpg , 0
caballo (94).jpg , 0
caballo (95).jpg , 0
caballo (96).jpg , 0
caballo (97).jpg , 0
caballo (98).jpg , 0
caballo (99).jpg , 0
caballo (100).jpg , 0
caballo (101).jpg , 0
caballo (102).jpg , 0
caballo (103).jpg , 0
caballo (104).jpg , 0
caballo (105).jpg , 0
caballo (106).jpg , 0
caballo (107).jpg , 0
caballo (108).jpg , 0
caballo (109).jpg , 0
caballo (110).jpg , 0
caballo (111).jpg , 0
caballo (112).jpg , 0
caballo (113).jpg , 0
caballo (114).jpg , 0
caballo (115).jpg , 0
caballo (116).jpg , 0
caballo (117).jpg , 0
caballo (118).jpg , 0
caballo (119).jpg , 0
caballo (120).jpg , 0
caballo (121).jpg , 0
caballo (122).jpg , 0
caballo (123).jpg , 0
caballo (124).jpg , 0
caballo (125).jpg , 0
caballo (126).jpg , 0
caballo (127).jpg , 0
caballo (128).jpg , 0
caballo (129).jpg , 0
caballo (130).jpg , 0
caballo (131).jpg , 0
caballo (132).jpg , 0
caballo (133).jpg , 0
caballo (134).jpg , 0
caballo (135).jpg , 0
caballo (136).jpg , 0
caballo (137).jpg , 0
caballo (138).jpg , 0
caballo (139).jpg , 0
caballo (140).jpg , 0
caballo (141).jpg , 0
caballo (142).jpg , 0
caballo (143).jpg , 0
caballo (144).jpg , 0
caballo (145).jpg , 0
caballo (146).jpg , 0
caballo (147).jpg , 0
caballo (148).jpg , 0
caballo (149).jpg , 0
caballo (150).jpg , 0
caballo (151).jpg , 0
caballo (152).jpg , 0
caballo (153).jpg , 0
caballo (154).jpg , 0
caballo (155).jpg , 0
caballo (156).jpg , 0
caballo (157).jpg , 0
caballo (158).jpg , 0
caballo (159).jpg , 0
caballo (160).jpg , 0
caballo (161).jpg , 0
caballo (162).jpg , 0
caballo (163).jpg , 0
caballo (164).jpg , 0
caballo (165).jpg , 0
caballo (166).jpg , 0
caballo (167).jpg , 0
caballo (168).jpg , 0
caballo (169).jpg , 0
caballo (170).jpg , 0
caballo (171).jpg , 0
caballo (172).jpg , 0
caballo (173).jpg , 0
caballo (174).jpg , 0
caballo (175).jpg , 0
caballo (176).jpg , 0
elefante (1).jpg , 1
elefante (2).jpg , 1
elefante (3).jpg , 1
elefante (4).jpg , 1
elefante (5).jpg , 1
elefante (6).jpg , 1
elefante (7).jpg , 1
elefante (8).jpg , 1
elefante (9).jpg , 1
elefante (10).jpg , 1
elefante (11).jpg , 1
elefante (12).jpg , 1
elefante (13).jpg , 1
elefante (14).jpg , 1
elefante (15).jpg , 1
elefante (16).jpg , 1
elefante (17).jpg , 1
elefante (18).jpg , 1
elefante (19).jpg , 1
elefante (20).jpg , 1
elefante (21).jpg , 1
elefante (22).jpg , 1
elefante (23).jpg , 1
elefante (24).jpg , 1
elefante (25).jpg , 1
elefante (26).jpg , 1
elefante (27).jpg , 1
elefante (28).jpg , 1
elefante (29).jpg , 1
elefante (30).jpg , 1
elefante (31).jpg , 1
elefante (32).jpg , 1
elefante (33).jpg , 1
elefante (34).jpg , 1
elefante (35).jpg , 1
elefante (36).jpg , 1
elefante (37).jpg , 1
elefante (38).jpg , 1
elefante (39).jpg , 1
elefante (40).jpg , 1
elefante (41).jpg , 1
elefante (42).jpg , 1
elefante (43).jpg , 1
elefante (44).jpg , 1
elefante (45).jpg , 1
elefante (46).jpg , 1
elefante (47).jpg , 1
elefante (48).jpg , 1
elefante (49).jpg , 1
elefante (50).jpg , 1
elefante (51).jpg , 1
elefante (52).jpg , 1
elefante (53).jpg , 1
elefante (54).jpg , 1
elefante (55).jpg , 1
elefante (56).jpg , 1
elefante (57).jpg , 1
elefante (58).jpg , 1
elefante (59).jpg , 1
elefante (60).jpg , 1
elefante (61).jpg , 1
elefante (62).jpg , 1
elefante (63).jpg , 1
elefante (64).jpg , 1
elefante (65).jpg , 1
elefante (66).jpg , 1
elefante (67).jpg , 1
elefante (68).jpg , 1
elefante (69).jpg , 1
elefante (70).jpg , 1
elefante (71).jpg , 1
elefante (72).jpg , 1
elefante (73).jpg , 1
elefante (74).jpg , 1
elefante (75).jpg , 1
elefante (76).jpg , 1
elefante (77).jpg , 1
elefante (78).jpg , 1
elefante (79).jpg , 1
elefante (80).jpg , 1
elefante (81).jpg , 1
elefante (82).jpg , 1
elefante (83).jpg , 1
elefante (84).jpg , 1
elefante (85).jpg , 1
elefante (86).jpg , 1
elefante (87).jpg , 1
elefante (88).jpg , 1
elefante (89).jpg , 1
elefante (90).jpg , 1
elefante (91).jpg , 1
elefante (92).jpg , 1
elefante (93).jpg , 1
elefante (94).jpg , 1
elefante (95).jpg , 1
elefante (96).jpg , 1
elefante (97).jpg , 1
elefante (98).jpg , 1
elefante (99).jpg , 1
elefante (100).jpg , 1
elefante (101).jpg , 1
elefante (102).jpg , 1
elefante (103).jpg , 1
elefante (104).jpg , 1
elefante (105).jpg , 1
elefante (106).jpg , 1
elefante (107).jpg , 1
elefante (108).jpg , 1
elefante (109).jpg , 1
elefante (110).jpg , 1
elefante (111).jpg , 1
elefante (112).jpg , 1
elefante (113).jpg , 1
elefante (114).jpg , 1
elefante (115).jpg , 1
elefante (116).jpg , 1
elefante (117).jpg , 1
elefante (118).jpg , 1
elefante (119).jpg , 1
elefante (120).jpg , 1
elefante (121).jpg , 1
elefante (122).jpg , 1
elefante (123).jpg , 1
elefante (124).jpg , 1
elefante (125).jpg , 1
elefante (126).jpg , 1
elefante (127).jpg , 1
elefante (128).jpg , 1
elefante (129).jpg , 1
elefante (130).jpg , 1
elefante (131).jpg , 1
elefante (132).jpg , 1
elefante (133).jpg , 1
elefante (134).jpg , 1
elefante (135).jpg , 1
elefante (136).jpg , 1
elefante (137).jpg , 1
elefante (138).jpg , 1
elefante (139).jpg , 1
elefante (140).jpg , 1
elefante (141).jpg , 1
elefante (142).jpg , 1
elefante (143).jpg , 1
elefante (144).jpg , 1
elefante (145).jpg , 1
elefante (146).jpg , 1
elefante (147).jpg , 1
elefante (148).jpg , 1
elefante (149).jpg , 1
elefante (150).jpg , 1
elefante (151).jpg , 1
elefante (152).jpg , 1
elefante (153).jpg , 1
elefante (154).jpg , 1
elefante (155).jpg , 1
elefante (156).jpg , 1
elefante (157).jpg , 1
elefante (158).jpg , 1
elefante (159).jpg , 1
elefante (160).jpg , 1
elefante (161).jpg , 1
elefante (162).jpg , 1
elefante (163).jpg , 1
elefante (164).jpg , 1
elefante (165).jpg , 1
elefante (166).jpg , 1
elefante (167).jpg , 1
elefante (168).jpg , 1
elefante (169).jpg , 1
elefante (170).jpg , 1
elefante (171).jpg , 1
elefante (172).jpg , 1
elefante (173).jpg , 1
elefante (174).jpg , 1
elefante (175).jpg , 1
elefante (176).jpg , 1
elefante (177).jpg , 1
elefante (178).jpg , 1
elefante (179).jpg , 1
elefante (180).jpg , 1
elefante (181).jpg , 1
elefante (182).jpg , 1
gallina (1).jpg , 2
gallina (2).jpg , 2
gallina (3).jpg , 2
gallina (4).jpg , 2
gallina (5).jpg , 2
gallina (6).jpg , 2
gallina (7).jpg , 2
gallina (8).jpg , 2
gallina (9).jpg , 2
gallina (10).jpg , 2
gallina (11).jpg , 2
gallina (12).jpg , 2
gallina (13).jpg , 2
gallina (14).jpg , 2
gallina (15).jpg , 2
gallina (16).jpg , 2
gallina (17).jpg , 2
gallina (18).jpg , 2
gallina (19).jpg , 2
gallina (20).jpg , 2
gallina (21).jpg , 2
gallina (22).jpg , 2
gallina (23).jpg , 2
gallina (24).jpg , 2
gallina (25).jpg , 2
gallina (26).jpg , 2
gallina (27).jpg , 2
gallina (28).jpg , 2
gallina (29).jpg , 2
gallina (30).jpg , 2
gallina (31).jpg , 2
gallina (32).jpg , 2
gallina (33).jpg , 2
gallina (34).jpg , 2
gallina (35).jpg , 2
gallina (36).jpg , 2
gallina (37).jpg , 2
gallina (38).jpg , 2
gallina (39).jpg , 2
gallina (40).jpg , 2
gallina (41).jpg , 2
gallina (42).jpg , 2
gallina (43).jpg , 2
gallina (44).jpg , 2
gallina (45).jpg , 2
gallina (46).jpg , 2
gallina (47).jpg , 2
gallina (48).jpg , 2
gallina (49).jpg , 2
gallina (50).jpg , 2
gallina (51).jpg , 2
gallina (52).jpg , 2
gallina (53).jpg , 2
gallina (54).jpg , 2
gallina (55).jpg , 2
gallina (56).jpg , 2
gallina (57).jpg , 2
gallina (58).jpg , 2
gallina (59).jpg , 2
gallina (60).jpg , 2
gallina (61).jpg , 2
gallina (62).jpg , 2
gallina (63).jpg , 2
gallina (64).jpg , 2
gallina (65).jpg , 2
gallina (66).jpg , 2
gallina (67).jpg , 2
gallina (68).jpg , 2
gallina (69).jpg , 2
gallina (70).jpg , 2
gallina (71).jpg , 2
gallina (72).jpg , 2
gallina (73).jpg , 2
gallina (74).jpg , 2
gallina (75).jpg , 2
gallina (76).jpg , 2
gallina (77).jpg , 2
gallina (78).jpg , 2
gallina (79).jpg , 2
gallina (80).jpg , 2
gallina (81).jpg , 2
gallina (82).jpg , 2
gallina (83).jpg , 2
gallina (84).jpg , 2
gallina (85).jpg , 2
gallina (86).jpg , 2
gallina (87).jpg , 2
gallina (88).jpg , 2
gallina (89).jpg , 2
gallina (90).jpg , 2
gallina (91).jpg , 2
gato (1).jpg , 3
gato (2).jpg , 3
gato (3).jpg , 3
gato (4).jpg , 3
gato (5).jpg , 3
gato (6).jpg , 3
gato (7).jpg , 3
gato (8).jpg , 3
gato (9).jpg , 3
gato (10).jpg , 3
gato (11).jpg , 3
gato (12).jpg , 3
gato (13).jpg , 3
gato (14).jpg , 3
gato (15).jpg , 3
gato (16).jpg , 3
gato (17).jpg , 3
gato (18).jpg , 3
gato (19).jpg , 3
gato (20).jpg , 3
gato (21).jpg , 3
gato (22).jpg , 3
gato (23).jpg , 3
gato (24).jpg , 3
gato (25).jpg , 3
gato (26).jpg , 3
gato (27).jpg , 3
gato (28).jpg , 3
gato (29).jpg , 3
gato (30).jpg , 3
gato (31).jpg , 3
gato (32).jpg , 3
gato (33).jpg , 3
gato (34).jpg , 3
gato (35).jpg , 3
gato (36).jpg , 3
gato (37).jpg , 3
gato (38).jpg , 3
gato (39).jpg , 3
gato (40).jpg , 3
gato (41).jpg , 3
gato (42).jpg , 3
gato (43).jpg , 3
gato (44).jpg , 3
gato (45).jpg , 3
gato (46).jpg , 3
gato (47).jpg , 3
gato (48).jpg , 3
gato (49).jpg , 3
gato (50).jpg , 3
gato (51).jpg , 3
gato (52).jpg , 3
gato (53).jpg , 3
gato (54).jpg , 3
gato (55).jpg , 3
gato (56).jpg , 3
gato (57).jpg , 3
gato (58).jpg , 3
gato (59).jpg , 3
gato (60).jpg , 3
gato (61).jpg , 3
gato (62).jpg , 3
gato (63).jpg , 3
gato (64).jpg , 3
gato (65).jpg , 3
gato (66).jpg , 3
gato (67).jpg , 3
gato (68).jpg , 3
gato (69).jpg , 3
gato (70).jpg , 3
gato (71).jpg , 3
gato (72).jpg , 3
gato (73).jpg , 3
gato (74).jpg , 3
gato (75).jpg , 3
gato (76).jpg , 3
gato (77).jpg , 3
gato (78).jpg , 3
gato (79).jpg , 3
gato (80).jpg , 3
gato (81).jpg , 3
gato (82).jpg , 3
gato (83).jpg , 3
gato (84).jpg , 3
gato (85).jpg , 3
gato (86).jpg , 3
gato (87).jpg , 3
gato (88).jpg , 3
gato (89).jpg , 3
gato (90).jpg , 3
gato (91).jpg , 3
gato (92).jpg , 3
gato (93).jpg , 3
gato (94).jpg , 3
gato (95).jpg , 3
gato (96).jpg , 3
gato (97).jpg , 3
gato (98).jpg , 3
gato (99).jpg , 3
gato (100).jpg , 3
gato (101).jpg , 3
vaca (1).jpg , 4
vaca (2).jpg , 4
vaca (3).jpg , 4
vaca (4).jpg , 4
vaca (5).jpg , 4
vaca (6).jpg , 4
vaca (7).jpg , 4
vaca (8).jpg , 4
vaca (9).jpg , 4
vaca (10).jpg , 4
vaca (11).jpg , 4
vaca (12).jpg , 4
vaca (13).jpg , 4
vaca (14).jpg , 4
vaca (15).jpg , 4
vaca (16).jpg , 4
vaca (17).jpg , 4
vaca (18).jpg , 4
vaca (19).jpg , 4
vaca (20).jpg , 4
vaca (21).jpg , 4
vaca (22).jpg , 4
vaca (23).jpg , 4
vaca (24).jpg , 4
vaca (25).jpg , 4
vaca (26).jpg , 4
vaca (27).jpg , 4
vaca (28).jpg , 4
vaca (29).jpg , 4
vaca (30).jpg , 4
vaca (31).jpg , 4
vaca (32).jpg , 4
vaca (33).jpg , 4
vaca (34).jpg , 4
vaca (35).jpg , 4
vaca (36).jpg , 4
vaca (37).jpg , 4
vaca (38).jpg , 4
vaca (39).jpg , 4
vaca (40).jpg , 4
vaca (41).jpg , 4
vaca (42).jpg , 4
vaca (43).jpg , 4
vaca (44).jpg , 4
vaca (45).jpg , 4
vaca (46).jpg , 4
vaca (47).jpg , 4
vaca (48).jpg , 4
vaca (49).jpg , 4
vaca (50).jpg , 4
vaca (51).jpg , 4
vaca (52).jpg , 4
vaca (53).jpg , 4
vaca (54).jpg , 4
vaca (55).jpg , 4
vaca (56).jpg , 4
vaca (57).jpg , 4
vaca (58).jpg , 4
vaca (59).jpg , 4
vaca (60).jpg , 4
vaca (61).jpg , 4
vaca (62).jpg , 4
vaca (63).jpg , 4
vaca (64).jpg , 4
vaca (65).jpg , 4
vaca (66).jpg , 4
vaca (67).jpg , 4
vaca (68).jpg , 4
vaca (69).jpg , 4
vaca (70).jpg , 4
vaca (71).jpg , 4
vaca (72).jpg , 4
vaca (73).jpg , 4
vaca (74).jpg , 4
vaca (75).jpg , 4
vaca (76).jpg , 4
vaca (77).jpg , 4
vaca (78).jpg , 4
vaca (79).jpg , 4
vaca (80).jpg , 4
vaca (81).jpg , 4
vaca (82).jpg , 4
vaca (83).jpg , 4
vaca (84).jpg , 4
vaca (85).jpg , 4
vaca (86).jpg , 4
vaca (87).jpg , 4
vaca (88).jpg , 4
vaca (89).jpg , 4
vaca (90).jpg , 4
vaca (91).jpg , 4
vaca (92).jpg , 4
vaca (93).jpg , 4
vaca (94).jpg , 4
vaca (95).jpg , 4
vaca (96).jpg , 4
vaca (97).jpg , 4
vaca (98).jpg , 4
vaca (99).jpg , 4
vaca (100).jpg , 4
vaca (101).jpg , 4
vaca (102).jpg , 4
vaca (103).jpg , 4
vaca (104).jpg , 4
vaca (105).jpg , 4
vaca (106).jpg , 4
vaca (107).jpg , 4
vaca (108).jpg , 4
vaca (109).jpg , 4
vaca (110).jpg , 4
vaca (111).jpg , 4
vaca (112).jpg , 4
vaca (113).jpg , 4
vaca (114).jpg , 4
vaca (115).jpg , 4
vaca (116).jpg , 4
vaca (117).jpg , 4
vaca (118).jpg , 4
vaca (119).jpg , 4
vaca (120).jpg , 4
vaca (121).jpg , 4
vaca (122).jpg , 4
vaca (123).jpg , 4
vaca (124).jpg , 4
vaca (125).jpg , 4
vaca (126).jpg , 4
vaca (127).jpg , 4
vaca (128).jpg , 4
vaca (129).jpg , 4
vaca (130).jpg , 4
vaca (131).jpg , 4
vaca (132).jpg , 4
vaca (133).jpg , 4
vaca (134).jpg , 4
vaca (135).jpg , 4
vaca (136).jpg , 4
vaca (137).jpg , 4
vaca (138).jpg , 4
vaca (139).jpg , 4
vaca (140).jpg , 4
vaca (141).jpg , 4
vaca (142).jpg , 4
vaca (143).jpg , 4
vaca (144).jpg , 4
vaca (145).jpg , 4
vaca (146).jpg , 4
vaca (147).jpg , 4
vaca (148).jpg , 4
vaca (149).jpg , 4
vaca (150).jpg , 4
vaca (151).jpg , 4
vaca (152).jpg , 4
vaca (153).jpg , 4
vaca (154).jpg , 4
vaca (155).jpg , 4
vaca (156).jpg , 4
vaca (157).jpg , 4
vaca (158).jpg , 4
vaca (159).jpg , 4
vaca (160).jpg , 4
vaca (161).jpg , 4
vaca (162).jpg , 4
vaca (163).jpg , 4
vaca (164).jpg , 4
vaca (165).jpg , 4
vaca (166).jpg , 4
vaca (167).jpg , 4
vaca (168).jpg , 4
vaca (169).jpg , 4
vaca (170).jpg , 4
vaca (171).jpg , 4
vaca (172).jpg , 4
vaca (173).jpg , 4
vaca (174).jpg , 4
vaca (175).jpg , 4
vaca (176).jpg , 4
vaca (177).jpg , 4
vaca (178).jpg , 4
vaca (179).jpg , 4
vaca (180).jpg , 4
vaca (181).jpg , 4
vaca (182).jpg , 4
vaca (183).jpg , 4
vaca (184).jpg , 4
vaca (185).jpg , 4
vaca (186).jpg , 4